conjunto;escenario;semilla;cuenta;apalancamiento;margen_max;riesgo_escalado;coste_x;inicio;fin;btc_pct;rentabilidad_pct;cagr_pct;max_drawdown_pct;sharpe;operaciones;acierto_pct;comisiones_usdt;funding_usdt;equity_final;archivo
antes;bear;0;SUB10;;;;1.0;2023-10-01;2026-10-01;-95.06;-3.3206;-1.1191;-10.0445;-0.3112;192.0;54.1667;287.6353;-20.3442;9667.9401;bear_s0_SUB10_c1.json
antes;bear;0;SUB11;;;;1.0;2023-10-01;2026-10-01;-95.06;-3.9465;-1.3329;-39.8015;0.1505;565.0;34.5133;2770.7777;210.7827;9605.3515;bear_s0_SUB11_c1.json
antes;bear;0;SUB2;;;;1.0;2023-10-01;2026-10-01;-95.06;440.3168;75.4529;-88.9243;1.175;2008.0;27.739;72276.1096;705.1135;54031.68;bear_s0_SUB2_c1.json
antes;bear;0;SUB4;;;;1.0;2025-02-02;2025-03-04;-47.83;-42.259;-99.8752;-46.3755;-7.6732;292.0;43.1507;10088.2625;12.4395;5774.1002;bear_s0_SUB4_c1.json
antes;bear;0;SUB5;;;;1.0;2023-10-01;2026-10-01;-95.06;-1.8212;-0.6106;-5.9552;-0.2384;21.0;76.1905;38.6425;3.3132;9817.8807;bear_s0_SUB5_c1.json
antes;bear;0;SUB6;;;;1.0;2023-10-01;2026-10-01;-95.06;1.0866;0.3608;-4.5717;0.1591;314.0;50.6369;1446.702;-846.5105;10108.6631;bear_s0_SUB6_c1.json
antes;bear;0;SUB7;;;;1.0;2023-10-01;2026-10-01;-95.06;-99.5902;-83.9902;-99.6239;-4.1907;1035.0;48.5024;1460.5116;65.1638;40.9837;bear_s0_SUB7_c1.json
antes;bear;0;SUB8;;;;1.0;2023-10-01;2026-10-01;-95.06;-41.8989;-16.5526;-42.8197;-0.6042;0.0;0.0;49.5506;0.0;5810.1099;bear_s0_SUB8_c1.json
antes;bear;0;SUB9;;;;1.0;2023-10-01;2026-10-01;-95.06;-25.5705;-9.3729;-30.3205;-0.8155;222.0;19.8198;634.2665;317.6042;7442.9529;bear_s0_SUB9_c1.json
antes;bear;1;SUB10;;;;1.0;2023-10-01;2026-10-01;-55.43;8.1669;2.6508;-6.0901;0.8758;150.0;57.3333;233.8903;-23.6961;10816.6898;bear_s1_SUB10_c1.json
antes;bear;1;SUB11;;;;1.0;2023-10-01;2026-10-01;-55.43;168.8656;39.0419;-43.3;0.8506;638.0;32.2884;7279.8281;1361.9677;26886.5595;bear_s1_SUB11_c1.json
antes;bear;1;SUB2;;;;1.0;2023-10-01;2026-10-01;-55.43;1477.7;150.7555;-86.6582;1.3813;2164.0;27.2181;892967.7948;-32664.578;157770.0014;bear_s1_SUB2_c1.json
antes;bear;1;SUB4;;;;1.0;2025-06-27;2025-07-27;-39.87;-57.1605;-99.9967;-57.1605;-14.6848;215.0;36.2791;6823.5156;1.4816;4283.9463;bear_s1_SUB4_c1.json
antes;bear;1;SUB5;;;;1.0;2023-10-01;2026-10-01;-55.43;-6.0642;-2.0632;-6.872;-0.9027;21.0;71.4286;8.189;5.5206;9393.5777;bear_s1_SUB5_c1.json
antes;bear;1;SUB6;;;;1.0;2023-10-01;2026-10-01;-55.43;-7.41;-2.5331;-10.9035;-1.5717;322.0;48.7578;2220.4237;-942.4852;9258.9994;bear_s1_SUB6_c1.json
antes;bear;1;SUB7;;;;1.0;2023-10-01;2026-10-01;-55.43;-96.9213;-68.6499;-96.9888;-2.704;986.0;49.3915;2125.9038;3.0157;307.8745;bear_s1_SUB7_c1.json
antes;bear;1;SUB8;;;;1.0;2023-10-01;2026-10-01;-55.43;-11.6262;-4.0352;-23.1525;-0.2079;0.0;0.0;24.2316;0.0;8837.3783;bear_s1_SUB8_c1.json
antes;bear;1;SUB9;;;;1.0;2023-10-01;2026-10-01;-55.43;3.8908;1.2802;-14.2694;0.1617;273.0;26.3736;668.781;151.1347;10389.08;bear_s1_SUB9_c1.json
antes;ciclo;0;SUB10;;;;1.0;2023-10-01;2026-10-01;-86.75;-2.7639;-0.9297;-9.482;-0.2721;160.0;48.75;244.9205;-20.9379;9723.6067;ciclo_s0_SUB10_c1.json
antes;ciclo;0;SUB11;;;;1.0;2023-10-01;2026-10-01;-86.75;-19.0293;-6.7928;-45.83;-0.0013;594.0;33.3333;2884.7672;738.8797;8097.0704;ciclo_s0_SUB11_c1.json
antes;ciclo;0;SUB2;;;;1.0;2023-10-01;2026-10-01;-86.75;359.438;66.2233;-97.309;1.0653;1670.0;30.2395;194656.2769;43323.7063;45943.7986;ciclo_s0_SUB2_c1.json
antes;ciclo;0;SUB4;;;;1.0;2025-07-03;2025-08-02;-28.82;-60.9732;-99.9989;-60.9732;-21.1861;137.0;25.5474;4572.1805;-3.3945;3902.6836;ciclo_s0_SUB4_c1.json
antes;ciclo;0;SUB5;;;;1.0;2023-10-01;2026-10-01;-86.75;3.0994;1.0224;-5.9328;0.26;49.0;81.6327;34.5395;22.2196;10309.9365;ciclo_s0_SUB5_c1.json
antes;ciclo;0;SUB6;;;;1.0;2023-10-01;2026-10-01;-86.75;3.9592;1.3024;-3.5805;1.7455;141.0;42.5532;553.5459;-816.0067;10395.9193;ciclo_s0_SUB6_c1.json
antes;ciclo;0;SUB7;;;;1.0;2023-10-01;2026-10-01;-86.75;-98.2289;-73.9254;-98.3784;-3.3116;1029.0;48.688;1871.0822;257.6942;177.1139;ciclo_s0_SUB7_c1.json
antes;ciclo;0;SUB8;;;;1.0;2023-10-01;2026-10-01;-86.75;1.0316;0.3426;-31.6066;0.1082;0.0;0.0;50.921;0.0;10103.1572;ciclo_s0_SUB8_c1.json
antes;ciclo;0;SUB9;;;;1.0;2023-10-01;2026-10-01;-86.75;16.0933;5.0987;-24.1414;0.3574;201.0;41.2935;748.2222;1829.5307;11609.3267;ciclo_s0_SUB9_c1.json
antes;ciclo;1;SUB10;;;;1.0;2023-10-01;2026-10-01;88.94;-0.2816;-0.0939;-2.743;-0.0198;136.0;50.7353;204.941;-19.6877;9971.838;ciclo_s1_SUB10_c1.json
antes;ciclo;1;SUB11;;;;1.0;2023-10-01;2026-10-01;88.94;-67.8848;-31.5131;-79.5786;-0.6809;686.0;27.6968;2694.0527;771.4955;3211.5154;ciclo_s1_SUB11_c1.json
antes;ciclo;1;SUB2;;;;1.0;2023-10-01;2026-10-01;88.94;14827.1917;430.2664;-76.9077;1.8672;1774.0;30.6088;1555857.3642;229686.4422;1492719.165;ciclo_s1_SUB2_c1.json
antes;ciclo;1;SUB4;;;;1.0;2025-07-03;2025-08-02;-32.4;-52.4431;-99.9882;-54.3336;-13.0449;220.0;38.6364;7123.8061;0.0;4755.693;ciclo_s1_SUB4_c1.json
antes;ciclo;1;SUB5;;;;1.0;2023-10-01;2026-10-01;88.94;-2.4953;-0.8386;-6.5156;-0.2289;60.0;78.3333;36.9891;21.3521;9750.4713;ciclo_s1_SUB5_c1.json
antes;ciclo;1;SUB6;;;;1.0;2023-10-01;2026-10-01;88.94;-0.8083;-0.2701;-4.3434;-0.4131;117.0;46.1538;634.6031;-500.0448;9919.1726;ciclo_s1_SUB6_c1.json
antes;ciclo;1;SUB7;;;;1.0;2023-10-01;2026-10-01;88.94;-91.1693;-55.4606;-91.9548;-2.0981;978.0;50.2045;3308.6866;562.9227;883.0668;ciclo_s1_SUB7_c1.json
antes;ciclo;1;SUB8;;;;1.0;2023-10-01;2026-10-01;88.94;31.2901;9.4969;-22.3859;0.6307;0.0;0.0;45.8657;0.0;13129.0103;ciclo_s1_SUB8_c1.json
antes;ciclo;1;SUB9;;;;1.0;2023-10-01;2026-10-01;88.94;44.4214;13.0312;-26.0047;0.7015;291.0;36.0825;1606.9811;2416.2173;14442.1405;ciclo_s1_SUB9_c1.json
antes;lateral;0;SUB10;;;;1.0;2023-10-01;2026-10-01;-77.15;0.3725;0.124;-5.087;0.0547;172.0;51.7442;263.1245;-23.7141;10037.2537;lateral_s0_SUB10_c1.json
antes;lateral;0;SUB11;;;;1.0;2023-10-01;2026-10-01;-77.15;-34.0295;-12.9443;-44.7058;-0.2621;570.0;33.3333;2542.3186;239.1396;6597.0535;lateral_s0_SUB11_c1.json
antes;lateral;0;SUB2;;;;1.0;2023-10-01;2026-10-01;-77.15;199.987;44.2108;-96.9854;0.9325;1505.0;29.2359;198917.5783;28322.4586;29998.6961;lateral_s0_SUB2_c1.json
antes;lateral;0;SUB4;;;;1.0;2025-01-18;2025-02-17;-25.43;-49.8727;-99.9777;-50.9462;-12.5157;194.0;40.2062;6876.8047;-4.0071;5012.73;lateral_s0_SUB4_c1.json
antes;lateral;0;SUB5;;;;1.0;2023-10-01;2026-10-01;-77.15;0.1081;0.036;-5.7304;0.0273;26.0;73.0769;14.7709;-43.0964;10010.8124;lateral_s0_SUB5_c1.json
antes;lateral;0;SUB6;;;;1.0;2023-10-01;2026-10-01;-77.15;-3.7502;-1.2657;-5.7464;-0.4689;506.0;59.4862;1432.1112;-330.4049;9624.9783;lateral_s0_SUB6_c1.json
antes;lateral;0;SUB7;;;;1.0;2023-10-01;2026-10-01;-77.15;-93.5887;-59.9681;-94.3246;-2.5901;1094.0;53.0165;2602.0277;191.6247;641.1329;lateral_s0_SUB7_c1.json
antes;lateral;0;SUB8;;;;1.0;2023-10-01;2026-10-01;-77.15;-35.3994;-13.551;-35.964;-0.6387;0.0;0.0;46.2894;0.0;6460.0583;lateral_s0_SUB8_c1.json
antes;lateral;0;SUB9;;;;1.0;2023-10-01;2026-10-01;-77.15;-14.2612;-4.9984;-20.5299;-0.3633;130.0;24.6154;439.6015;411.0002;8573.8757;lateral_s0_SUB9_c1.json
antes;lateral;1;SUB10;;;;1.0;2023-10-01;2026-10-01;110.69;2.5126;0.8304;-5.4841;0.308;134.0;57.4627;203.477;-15.5181;10251.2563;lateral_s1_SUB10_c1.json
antes;lateral;1;SUB11;;;;1.0;2023-10-01;2026-10-01;110.69;-19.2668;-6.884;-56.2403;0.0952;671.0;28.763;3988.325;432.7136;8073.3188;lateral_s1_SUB11_c1.json
antes;lateral;1;SUB2;;;;1.0;2023-10-01;2026-10-01;110.69;12446.5252;400.4357;-84.8097;1.83;1611.0;29.6089;1294341.837;189213.6649;1254652.5237;lateral_s1_SUB2_c1.json
antes;lateral;1;SUB4;;;;1.0;2024-12-22;2025-01-21;20.25;-47.0384;-99.9564;-47.75;-11.4074;200.0;38.0;7075.5895;15.9638;5296.1569;lateral_s1_SUB4_c1.json
antes;lateral;1;SUB5;;;;1.0;2023-10-01;2026-10-01;110.69;-3.4385;-1.1593;-3.5127;-1.3087;2.0;0.0;2.1793;-8.2338;9656.1457;lateral_s1_SUB5_c1.json
antes;lateral;1;SUB6;;;;1.0;2023-10-01;2026-10-01;110.69;-8.3742;-2.8725;-8.3754;-3.3349;206.0;49.0291;996.6677;-222.1493;9162.5813;lateral_s1_SUB6_c1.json
antes;lateral;1;SUB7;;;;1.0;2023-10-01;2026-10-01;110.69;-92.478;-57.7789;-92.478;-2.7784;972.0;49.7942;2485.4788;201.9038;752.1981;lateral_s1_SUB7_c1.json
antes;lateral;1;SUB8;;;;1.0;2023-10-01;2026-10-01;110.69;-6.4945;-2.213;-23.0922;-0.0114;0.0;0.0;41.471;0.0;9350.5489;lateral_s1_SUB8_c1.json
antes;lateral;1;SUB9;;;;1.0;2023-10-01;2026-10-01;110.69;18.7128;5.8831;-29.2179;0.3917;242.0;27.2727;1214.0884;900.7338;11871.2796;lateral_s1_SUB9_c1.json
despues;bear;0;SUB10;;;;1.0;2023-10-01;2026-10-01;-95.06;-3.3206;-1.1191;-10.0445;-0.3112;192.0;54.1667;287.6353;-20.3442;9667.9401;bear_s0_SUB10_c1.json
despues;bear;0;SUB10;;;;2.0;2023-10-01;2026-10-01;-95.06;-6.6091;-2.2529;-11.6149;-0.6482;192.0;53.6458;566.3231;-20.0191;9339.0882;bear_s0_SUB10_c2.json
despues;bear;0;SUB11;;;;1.0;2023-10-01;2026-10-01;-95.06;24.9791;7.7139;-30.425;0.3973;565.0;34.5133;2029.0667;296.6873;12497.9119;bear_s0_SUB11_c1.json
despues;bear;0;SUB11;;;;2.0;2023-10-01;2026-10-01;-95.06;-2.4079;-0.809;-34.3103;0.1236;562.0;34.1637;3550.1762;240.1461;9759.2101;bear_s0_SUB11_c2.json
despues;bear;0;SUB2;;;;1.0;2023-10-01;2026-10-01;-95.06;-15.9468;-5.625;-42.9767;-0.0736;121.0;26.4463;1303.03;554.272;8405.319;bear_s0_SUB2_c1.json
despues;bear;0;SUB2;;;;2.0;2023-10-01;2026-10-01;-95.06;-22.0268;-7.9572;-42.0487;-0.079;165.0;29.0909;3073.0829;527.0933;7797.3159;bear_s0_SUB2_c2.json
despues;bear;0;SUB4;;;;1.0;2025-02-02;2025-03-04;-47.83;-23.7604;-96.3225;-26.0987;-7.1374;184.0;39.1304;4861.6073;9.0375;7623.962;bear_s0_SUB4_c1.json
despues;bear;0;SUB4;;;;2.0;2025-02-02;2025-03-04;-47.83;0.0;0.0;0.0;0.0;0.0;0.0;0.0;0.0;10000.0;bear_s0_SUB4_c2.json
despues;bear;0;SUB5;;;;1.0;2023-10-01;2026-10-01;-95.06;-1.7987;-0.6031;-5.9336;-0.2371;21.0;76.1905;38.2128;3.3133;9820.128;bear_s0_SUB5_c1.json
despues;bear;0;SUB5;;;;2.0;2023-10-01;2026-10-01;-95.06;-2.2253;-0.7472;-6.2761;-0.2904;21.0;76.1905;76.3248;3.3125;9777.4667;bear_s0_SUB5_c2.json
despues;bear;0;SUB6;;;;1.0;2023-10-01;2026-10-01;-95.06;4.2904;1.4098;-3.2407;0.5361;303.0;51.8152;1248.0308;-852.5973;10429.0419;bear_s0_SUB6_c1.json
despues;bear;0;SUB6;;;;2.0;2023-10-01;2026-10-01;-95.06;-10.7366;-3.7143;-12.6694;-1.3234;303.0;51.8152;2296.9983;-814.947;8926.3415;bear_s0_SUB6_c2.json
despues;bear;0;SUB7;;;;1.0;2023-10-01;2026-10-01;-95.06;-36.6663;-14.1197;-40.1754;-1.0004;141.0;54.6099;729.2365;43.553;6333.3721;bear_s0_SUB7_c1.json
despues;bear;0;SUB7;;;;2.0;2023-10-01;2026-10-01;-95.06;-37.8498;-14.6579;-40.6273;-1.4003;94.0;56.383;1059.4858;73.0234;6215.0172;bear_s0_SUB7_c2.json
despues;bear;0;SUB8;;;;1.0;2023-10-01;2026-10-01;-95.06;-41.8989;-16.5526;-42.8197;-0.6042;0.0;0.0;49.5506;0.0;5810.1099;bear_s0_SUB8_c1.json
despues;bear;0;SUB8;;;;2.0;2023-10-01;2026-10-01;-95.06;-42.4592;-16.8216;-43.3535;-0.6133;0.0;0.0;99.1142;0.0;5754.0845;bear_s0_SUB8_c2.json
despues;bear;0;SUB9;;;;1.0;2023-10-01;2026-10-01;-95.06;-28.1945;-10.4504;-31.8224;-0.93;206.0;17.4757;596.522;315.7589;7180.5523;bear_s0_SUB9_c1.json
despues;bear;0;SUB9;;;;2.0;2023-10-01;2026-10-01;-95.06;-32.1495;-12.1253;-35.5561;-1.1306;210.0;20.4762;1094.7853;300.8853;6785.0479;bear_s0_SUB9_c2.json
despues;bear;1;SUB10;;;;1.0;2023-10-01;2026-10-01;-55.43;8.1669;2.6508;-6.0901;0.8758;150.0;57.3333;233.8903;-23.6961;10816.6898;bear_s1_SUB10_c1.json
despues;bear;1;SUB11;;;;1.0;2023-10-01;2026-10-01;-55.43;106.2285;27.2797;-31.7621;0.8155;610.0;32.9508;3476.5983;712.7106;20622.8536;bear_s1_SUB11_c1.json
despues;bear;1;SUB2;;;;1.0;2023-10-01;2026-10-01;-55.43;292.4168;57.7142;-41.3873;1.0325;519.0;28.7091;11737.1033;199.0875;39241.681;bear_s1_SUB2_c1.json
despues;bear;1;SUB4;;;;1.0;2025-06-27;2025-07-27;-39.87;-27.038;-97.8462;-27.0895;-8.3264;177.0;41.2429;4445.474;0.0;7296.1967;bear_s1_SUB4_c1.json
despues;bear;1;SUB5;;;;1.0;2023-10-01;2026-10-01;-55.43;-6.0642;-2.0632;-6.872;-0.9027;21.0;71.4286;8.189;5.5206;9393.5777;bear_s1_SUB5_c1.json
despues;bear;1;SUB6;;;;1.0;2023-10-01;2026-10-01;-55.43;3.4888;1.1494;-3.0931;0.7503;307.0;50.4886;1469.0395;-970.5728;10348.876;bear_s1_SUB6_c1.json
despues;bear;1;SUB7;;;;1.0;2023-10-01;2026-10-01;-55.43;-39.7484;-15.5357;-41.0698;-0.8688;187.0;51.8717;971.4405;2.08;6025.1639;bear_s1_SUB7_c1.json
despues;bear;1;SUB8;;;;1.0;2023-10-01;2026-10-01;-55.43;-11.6262;-4.0352;-23.1525;-0.2079;0.0;0.0;24.2316;0.0;8837.3783;bear_s1_SUB8_c1.json
despues;bear;1;SUB9;;;;1.0;2023-10-01;2026-10-01;-55.43;3.8908;1.2802;-14.2694;0.1617;273.0;26.3736;668.781;151.1347;10389.08;bear_s1_SUB9_c1.json
despues;bear;2;SUB10;;;;1.0;2023-10-01;2026-10-01;-86.99;1.7797;0.5896;-4.7194;0.2248;138.0;52.8986;211.6512;-12.158;10177.9705;bear_s2_SUB10_c1.json
despues;bear;2;SUB11;;;;1.0;2023-10-01;2026-10-01;-86.99;24.2139;7.4937;-47.738;0.38;594.0;30.9764;2102.7796;173.3351;12421.3859;bear_s2_SUB11_c1.json
despues;bear;2;SUB2;;;;1.0;2023-10-01;2026-10-01;-86.99;-2.331;-0.783;-47.5481;0.2928;366.0;23.7705;3346.2517;327.189;9766.8952;bear_s2_SUB2_c1.json
despues;bear;2;SUB4;;;;1.0;2024-02-21;2024-03-22;1.72;-23.3206;-96.0557;-25.031;-5.746;261.0;42.5287;6630.4245;0.3659;7667.9446;bear_s2_SUB4_c1.json
despues;bear;2;SUB5;;;;1.0;2023-10-01;2026-10-01;-86.99;-2.351;-0.7897;-6.6774;-0.179;18.0;66.6667;42.6789;6.0989;9764.9011;bear_s2_SUB5_c1.json
despues;bear;2;SUB6;;;;1.0;2023-10-01;2026-10-01;-86.99;1.4893;0.4939;-3.5423;0.4082;272.0;52.5735;946.7602;-647.45;10148.9337;bear_s2_SUB6_c1.json
despues;bear;2;SUB7;;;;1.0;2023-10-01;2026-10-01;-86.99;-40.3887;-15.8359;-41.5817;-1.4281;95.0;42.1053;569.3792;40.8725;5961.1318;bear_s2_SUB7_c1.json
despues;bear;2;SUB8;;;;1.0;2023-10-01;2026-10-01;-86.99;-55.1258;-23.4359;-55.6334;-1.451;0.0;0.0;36.8499;0.0;4487.4208;bear_s2_SUB8_c1.json
despues;bear;2;SUB9;;;;1.0;2023-10-01;2026-10-01;-86.99;-26.0093;-9.5513;-28.076;-0.8949;246.0;15.4472;669.1068;217.1137;7399.071;bear_s2_SUB9_c1.json
despues;ciclo;0;SUB10;;;;1.0;2023-10-01;2026-10-01;-86.75;-2.7639;-0.9297;-9.482;-0.2721;160.0;48.75;244.9205;-20.9379;9723.6067;ciclo_s0_SUB10_c1.json
despues;ciclo;0;SUB10;;;;2.0;2023-10-01;2026-10-01;-86.75;-5.6495;-1.9194;-10.8312;-0.5817;160.0;48.125;482.6788;-20.5532;9435.0488;ciclo_s0_SUB10_c2.json
despues;ciclo;0;SUB11;;;;1.0;2023-10-01;2026-10-01;-86.75;3.8712;1.2738;-38.6711;0.1859;594.0;33.165;2062.1595;715.9185;10387.1227;ciclo_s0_SUB11_c1.json
despues;ciclo;0;SUB11;;;;2.0;2023-10-01;2026-10-01;-86.75;-7.5492;-2.5819;-35.4928;0.049;584.0;33.5616;3730.7911;669.2575;9245.0834;ciclo_s0_SUB11_c2.json
despues;ciclo;0;SUB2;;;;1.0;2023-10-01;2026-10-01;-86.75;642.7859;95.084;-44.5291;1.4164;497.0;35.0101;21037.7786;13696.8482;74278.5909;ciclo_s0_SUB2_c1.json
despues;ciclo;0;SUB2;;;;2.0;2023-10-01;2026-10-01;-86.75;192.2972;42.9682;-44.1501;0.9458;398.0;35.4271;17168.5413;5790.6138;29229.7157;ciclo_s0_SUB2_c2.json
despues;ciclo;0;SUB4;;;;1.0;2025-07-03;2025-08-02;-28.82;-33.7621;-99.3363;-33.7621;-16.107;118.0;30.5085;2882.4588;-2.0216;6623.7862;ciclo_s0_SUB4_c1.json
despues;ciclo;0;SUB4;;;;2.0;2025-07-03;2025-08-02;-28.82;0.0;0.0;0.0;0.0;0.0;0.0;0.0;0.0;10000.0;ciclo_s0_SUB4_c2.json
despues;ciclo;0;SUB5;;;;1.0;2023-10-01;2026-10-01;-86.75;3.0994;1.0224;-5.9328;0.26;49.0;81.6327;34.5395;22.2196;10309.9365;ciclo_s0_SUB5_c1.json
despues;ciclo;0;SUB5;;;;2.0;2023-10-01;2026-10-01;-86.75;2.7329;0.9026;-6.1742;0.2319;49.0;81.6327;68.9565;22.1853;10273.2899;ciclo_s0_SUB5_c2.json
despues;ciclo;0;SUB6;;;;1.0;2023-10-01;2026-10-01;-86.75;4.9981;1.6387;-3.5582;2.2108;358.0;44.6927;631.7159;-983.5968;10499.8139;ciclo_s0_SUB6_c1.json
despues;ciclo;0;SUB6;;;;2.0;2023-10-01;2026-10-01;-86.75;-3.1157;-1.0493;-8.9605;-1.1635;330.0;44.5455;1174.3184;-906.6418;9688.4323;ciclo_s0_SUB6_c2.json
despues;ciclo;0;SUB7;;;;1.0;2023-10-01;2026-10-01;-86.75;-37.7386;-14.6071;-40.2252;-1.4789;163.0;50.9202;914.0376;121.6681;6226.1384;ciclo_s0_SUB7_c1.json
despues;ciclo;0;SUB7;;;;2.0;2023-10-01;2026-10-01;-86.75;-39.3282;-15.3399;-40.7836;-1.985;105.0;51.4286;1346.0313;54.4453;6067.1836;ciclo_s0_SUB7_c2.json
despues;ciclo;0;SUB8;;;;1.0;2023-10-01;2026-10-01;-86.75;1.0316;0.3426;-31.6066;0.1082;0.0;0.0;50.921;0.0;10103.1572;ciclo_s0_SUB8_c1.json
despues;ciclo;0;SUB8;;;;2.0;2023-10-01;2026-10-01;-86.75;0.452;0.1504;-31.8133;0.0976;0.0;0.0;101.854;0.0;10045.2045;ciclo_s0_SUB8_c2.json
despues;ciclo;0;SUB9;;;;1.0;2023-10-01;2026-10-01;-86.75;16.0933;5.0987;-24.1414;0.3574;201.0;41.2935;748.2222;1829.5307;11609.3267;ciclo_s0_SUB9_c1.json
despues;ciclo;0;SUB9;;;;2.0;2023-10-01;2026-10-01;-86.75;6.5793;2.1462;-27.6765;0.2077;201.0;41.2935;1447.6407;1752.8735;10657.9276;ciclo_s0_SUB9_c2.json
despues;ciclo;1;SUB10;;;;1.0;2023-10-01;2026-10-01;88.94;-0.2816;-0.0939;-2.743;-0.0198;136.0;50.7353;204.941;-19.6877;9971.838;ciclo_s1_SUB10_c1.json
despues;ciclo;1;SUB11;;;;1.0;2023-10-01;2026-10-01;88.94;-37.527;-14.5105;-46.8194;-0.5689;329.0;27.6596;954.3143;506.1561;6247.2951;ciclo_s1_SUB11_c1.json
despues;ciclo;1;SUB2;;;;1.0;2023-10-01;2026-10-01;88.94;1359.5119;144.3322;-42.1321;1.554;874.0;30.0915;55290.8197;11675.8854;145951.1921;ciclo_s1_SUB2_c1.json
despues;ciclo;1;SUB4;;;;1.0;2025-07-03;2025-08-02;-32.4;-25.2865;-97.125;-25.2865;-7.1274;198.0;39.899;5138.2411;-7.3561;7471.3539;ciclo_s1_SUB4_c1.json
despues;ciclo;1;SUB5;;;;1.0;2023-10-01;2026-10-01;88.94;-2.4953;-0.8386;-6.5156;-0.2289;60.0;78.3333;36.9891;21.3521;9750.4713;ciclo_s1_SUB5_c1.json
despues;ciclo;1;SUB6;;;;1.0;2023-10-01;2026-10-01;88.94;0.9387;0.3118;-2.5916;0.5811;328.0;46.6463;484.0526;-497.8982;10093.8686;ciclo_s1_SUB6_c1.json
despues;ciclo;1;SUB7;;;;1.0;2023-10-01;2026-10-01;88.94;-39.3828;-15.3653;-41.1297;-0.6292;455.0;53.1868;2340.5236;499.1633;6061.7215;ciclo_s1_SUB7_c1.json
despues;ciclo;1;SUB8;;;;1.0;2023-10-01;2026-10-01;88.94;31.2901;9.4969;-22.3859;0.6307;0.0;0.0;45.8657;0.0;13129.0103;ciclo_s1_SUB8_c1.json
despues;ciclo;1;SUB9;;;;1.0;2023-10-01;2026-10-01;88.94;44.4214;13.0312;-26.0047;0.7015;291.0;36.0825;1606.9811;2416.2173;14442.1405;ciclo_s1_SUB9_c1.json
despues;ciclo;2;SUB10;;;;1.0;2023-10-01;2026-10-01;-62.48;2.255;0.7459;-4.9048;0.2596;132.0;56.0606;199.1352;-18.9569;10225.4971;ciclo_s2_SUB10_c1.json
despues;ciclo;2;SUB11;;;;1.0;2023-10-01;2026-10-01;-62.48;-38.1278;-14.7853;-40.4502;-1.0093;172.0;22.6744;486.855;119.7658;6187.2178;ciclo_s2_SUB11_c1.json
despues;ciclo;2;SUB2;;;;1.0;2023-10-01;2026-10-01;-62.48;-33.4097;-12.6726;-43.6814;-0.3246;156.0;23.0769;1420.4947;337.7529;6659.0289;ciclo_s2_SUB2_c1.json
despues;ciclo;2;SUB4;;;;1.0;2025-02-13;2025-03-15;-3.94;-36.3706;-99.5931;-36.7911;-12.4599;177.0;34.4633;4416.8841;0.0177;6362.9372;ciclo_s2_SUB4_c1.json
despues;ciclo;2;SUB5;;;;1.0;2023-10-01;2026-10-01;-62.48;-0.9059;-0.3028;-5.4716;-0.1232;9.0;55.5556;53.2356;4.336;9909.4089;ciclo_s2_SUB5_c1.json
despues;ciclo;2;SUB6;;;;1.0;2023-10-01;2026-10-01;-62.48;0.8183;0.272;-2.7523;0.4124;319.0;43.8871;385.4795;-296.143;10081.8287;ciclo_s2_SUB6_c1.json
despues;ciclo;2;SUB7;;;;1.0;2023-10-01;2026-10-01;-62.48;-39.8085;-15.5638;-40.1481;-0.7324;384.0;52.6042;1952.2262;489.8141;6019.1524;ciclo_s2_SUB7_c1.json
despues;ciclo;2;SUB8;;;;1.0;2023-10-01;2026-10-01;-62.48;0.02;0.0067;-29.2076;0.098;0.0;0.0;54.0914;0.0;10002.0039;ciclo_s2_SUB8_c1.json
despues;ciclo;2;SUB9;;;;1.0;2023-10-01;2026-10-01;-62.48;4.6182;1.5159;-27.4816;0.1747;150.0;39.3333;584.9942;1553.776;10461.8165;ciclo_s2_SUB9_c1.json
despues;lateral;0;SUB10;;;;1.0;2023-10-01;2026-10-01;-77.15;0.3725;0.124;-5.087;0.0547;172.0;51.7442;263.1245;-23.7141;10037.2537;lateral_s0_SUB10_c1.json
despues;lateral;0;SUB10;;;;2.0;2023-10-01;2026-10-01;-77.15;-3.9724;-1.3418;-7.5924;-0.41;172.0;51.1628;515.605;-22.938;9602.7624;lateral_s0_SUB10_c2.json
despues;lateral;0;SUB11;;;;1.0;2023-10-01;2026-10-01;-77.15;-10.3694;-3.5825;-35.242;-0.0149;564.0;32.9787;1968.1743;311.7775;8963.0598;lateral_s0_SUB11_c1.json
despues;lateral;0;SUB11;;;;2.0;2023-10-01;2026-10-01;-77.15;-21.773;-7.8574;-37.4589;-0.1869;564.0;33.5106;3566.9955;282.2897;7822.7017;lateral_s0_SUB11_c2.json
despues;lateral;0;SUB2;;;;1.0;2023-10-01;2026-10-01;-77.15;443.0373;75.7468;-42.7313;1.3307;548.0;33.3942;22026.0881;4729.0017;54303.7301;lateral_s0_SUB2_c1.json
despues;lateral;0;SUB2;;;;2.0;2023-10-01;2026-10-01;-77.15;80.0132;21.6416;-42.7759;0.6936;329.0;33.4347;9891.1547;972.878;18001.3186;lateral_s0_SUB2_c2.json
despues;lateral;0;SUB4;;;;1.0;2025-01-18;2025-02-17;-25.43;-30.0605;-98.7132;-30.8302;-13.2338;118.0;35.5932;3038.209;-2.2922;6993.9473;lateral_s0_SUB4_c1.json
despues;lateral;0;SUB4;;;;2.0;2025-01-18;2025-02-17;-25.43;0.0;0.0;0.0;0.0;0.0;0.0;0.0;0.0;10000.0;lateral_s0_SUB4_c2.json
despues;lateral;0;SUB5;;;;1.0;2023-10-01;2026-10-01;-77.15;0.1081;0.036;-5.7304;0.0273;26.0;73.0769;14.7709;-43.0964;10010.8124;lateral_s0_SUB5_c1.json
despues;lateral;0;SUB5;;;;2.0;2023-10-01;2026-10-01;-77.15;-0.0498;-0.0166;-5.7781;0.0111;26.0;73.0769;29.518;-43.0655;9995.0193;lateral_s0_SUB5_c2.json
despues;lateral;0;SUB6;;;;1.0;2023-10-01;2026-10-01;-77.15;-1.1127;-0.3722;-2.6942;-0.1194;668.0;57.9341;1311.6689;-406.2105;9888.7274;lateral_s0_SUB6_c1.json
despues;lateral;0;SUB6;;;;2.0;2023-10-01;2026-10-01;-77.15;-15.0873;-5.3044;-14.9785;-2.0598;649.0;57.6271;2227.5033;-349.2073;8491.2711;lateral_s0_SUB6_c2.json
despues;lateral;0;SUB7;;;;1.0;2023-10-01;2026-10-01;-77.15;-37.4339;-14.468;-40.3833;-1.0893;263.0;56.654;1389.3748;106.8645;6256.6116;lateral_s0_SUB7_c1.json
despues;lateral;0;SUB7;;;;2.0;2023-10-01;2026-10-01;-77.15;-38.4405;-14.9291;-40.6839;-1.4695;178.0;56.7416;1929.0861;70.4761;6155.9521;lateral_s0_SUB7_c2.json
despues;lateral;0;SUB8;;;;1.0;2023-10-01;2026-10-01;-77.15;-35.3994;-13.551;-35.964;-0.6387;0.0;0.0;46.2894;0.0;6460.0583;lateral_s0_SUB8_c1.json
despues;lateral;0;SUB8;;;;2.0;2023-10-01;2026-10-01;-77.15;-35.9271;-13.787;-36.4676;-0.6496;0.0;0.0;92.5904;0.0;6407.2903;lateral_s0_SUB8_c2.json
despues;lateral;0;SUB9;;;;1.0;2023-10-01;2026-10-01;-77.15;-14.2612;-4.9984;-20.5299;-0.3633;130.0;24.6154;439.6015;411.0002;8573.8757;lateral_s0_SUB9_c1.json
despues;lateral;0;SUB9;;;;2.0;2023-10-01;2026-10-01;-77.15;-10.5668;-3.6533;-23.9192;-0.2216;128.0;29.6875;849.429;471.7673;8943.3237;lateral_s0_SUB9_c2.json
despues;lateral;1;SUB10;;;;1.0;2023-10-01;2026-10-01;110.69;2.5126;0.8304;-5.4841;0.308;134.0;57.4627;203.477;-15.5181;10251.2563;lateral_s1_SUB10_c1.json
despues;lateral;1;SUB11;;;;1.0;2023-10-01;2026-10-01;110.69;-23.0595;-8.3652;-43.4063;-0.0882;634.0;28.2334;2195.303;431.8812;7694.0549;lateral_s1_SUB11_c1.json
despues;lateral;1;SUB2;;;;1.0;2023-10-01;2026-10-01;110.69;46.843;13.6593;-44.6467;0.5081;423.0;28.6052;6507.8428;1308.8042;14684.3025;lateral_s1_SUB2_c1.json
despues;lateral;1;SUB4;;;;1.0;2024-12-22;2025-01-21;20.25;-25.0534;-97.0139;-25.6356;-9.2819;137.0;36.4964;3448.2809;10.566;7494.6564;lateral_s1_SUB4_c1.json
despues;lateral;1;SUB5;;;;1.0;2023-10-01;2026-10-01;110.69;-3.4385;-1.1593;-3.5127;-1.3087;2.0;0.0;2.1793;-8.2338;9656.1457;lateral_s1_SUB5_c1.json
despues;lateral;1;SUB6;;;;1.0;2023-10-01;2026-10-01;110.69;-3.0443;-1.025;-3.2267;-1.3732;399.0;53.1328;589.9944;-207.5268;9695.565;lateral_s1_SUB6_c1.json
despues;lateral;1;SUB7;;;;1.0;2023-10-01;2026-10-01;110.69;-40.952;-16.1018;-40.952;-1.7259;96.0;37.5;604.3749;42.0491;5904.8039;lateral_s1_SUB7_c1.json
despues;lateral;1;SUB8;;;;1.0;2023-10-01;2026-10-01;110.69;-6.4945;-2.213;-23.0922;-0.0114;0.0;0.0;41.471;0.0;9350.5489;lateral_s1_SUB8_c1.json
despues;lateral;1;SUB9;;;;1.0;2023-10-01;2026-10-01;110.69;19.2257;6.0354;-28.912;0.3991;238.0;27.7311;1187.058;899.9319;11922.5721;lateral_s1_SUB9_c1.json
despues;lateral;2;SUB10;;;;1.0;2023-10-01;2026-10-01;-53.43;-3.0012;-1.0103;-7.1427;-0.3737;118.0;53.3898;174.4039;-11.1852;9699.8847;lateral_s2_SUB10_c1.json
despues;lateral;2;SUB11;;;;1.0;2023-10-01;2026-10-01;-53.43;-24.7805;-9.0535;-44.6807;-0.1858;548.0;27.7372;1801.9332;208.3553;7521.9454;lateral_s2_SUB11_c1.json
despues;lateral;2;SUB2;;;;1.0;2023-10-01;2026-10-01;-53.43;-17.6261;-6.2576;-46.3845;-0.1145;135.0;23.7037;1534.8142;280.2827;8237.39;lateral_s2_SUB2_c1.json
despues;lateral;2;SUB4;;;;1.0;2025-01-20;2025-02-19;-25.59;-26.9694;-97.8214;-27.2474;-8.8887;166.0;37.9518;4198.1189;2.3988;7303.06;lateral_s2_SUB4_c1.json
despues;lateral;2;SUB5;;;;1.0;2023-10-01;2026-10-01;-53.43;-4.9875;-1.6906;-5.2566;-0.8987;4.0;25.0;6.6565;-12.3775;9501.2474;lateral_s2_SUB5_c1.json
despues;lateral;2;SUB6;;;;1.0;2023-10-01;2026-10-01;-53.43;-7.2831;-2.4886;-7.2854;-2.3234;692.0;57.948;1068.3011;-340.8482;9271.6891;lateral_s2_SUB6_c1.json
despues;lateral;2;SUB7;;;;1.0;2023-10-01;2026-10-01;-53.43;-38.9811;-15.1788;-40.811;-1.6766;119.0;42.0168;783.0047;66.6675;6101.8894;lateral_s2_SUB7_c1.json
despues;lateral;2;SUB8;;;;1.0;2023-10-01;2026-10-01;-53.43;-14.4395;-5.0643;-28.9529;-0.2168;0.0;0.0;40.1093;0.0;8556.0475;lateral_s2_SUB8_c1.json
despues;lateral;2;SUB9;;;;1.0;2023-10-01;2026-10-01;-53.43;-8.3637;-2.8688;-18.3167;-0.184;147.0;23.1293;607.5001;466.5502;9163.6324;lateral_s2_SUB9_c1.json
x7m20;bear;0;SUB10;7.0;0.2;;1.0;2023-10-01;2026-10-01;-95.06;-3.3206;-1.1191;-10.0445;-0.3112;192.0;54.1667;287.6353;-20.3442;9667.9401;bear_s0_SUB10_c1_x7_m0.2.json
x7m20;bear;0;SUB11;7.0;0.2;;1.0;2023-10-01;2026-10-01;-95.06;46.865;13.665;-20.7187;0.6504;565.0;34.5133;1463.9458;335.8339;14686.4977;bear_s0_SUB11_c1_x7_m0.2.json
x7m20;bear;0;SUB2;7.0;0.2;;1.0;2023-10-01;2026-10-01;-95.06;-32.0261;-12.0721;-42.647;-0.3843;216.0;23.1481;1084.5658;296.4776;6797.3935;bear_s0_SUB2_c1_x7_m0.2.json
x7m20;bear;0;SUB5;7.0;0.2;;1.0;2023-10-01;2026-10-01;-95.06;-1.4163;-0.4743;-5.5674;-0.2088;21.0;76.1905;30.9025;3.314;9858.3653;bear_s0_SUB5_c1_x7_m0.2.json
x7m20;bear;0;SUB6;7.0;0.2;;1.0;2023-10-01;2026-10-01;-95.06;4.0334;1.3265;-3.4228;0.5095;304.0;51.6447;1231.3417;-848.0223;10403.338;bear_s0_SUB6_c1_x7_m0.2.json
x7m20;bear;0;SUB9;7.0;0.2;;1.0;2023-10-01;2026-10-01;-95.06;-28.1945;-10.4504;-31.8224;-0.93;206.0;17.4757;596.522;315.7589;7180.5523;bear_s0_SUB9_c1_x7_m0.2.json
x7m20;bear;1;SUB10;7.0;0.2;;1.0;2023-10-01;2026-10-01;-55.43;8.1669;2.6508;-6.0901;0.8758;150.0;57.3333;233.8903;-23.6961;10816.6898;bear_s1_SUB10_c1_x7_m0.2.json
x7m20;bear;1;SUB11;7.0;0.2;;1.0;2023-10-01;2026-10-01;-55.43;73.5223;20.1619;-30.8256;0.7462;626.0;32.2684;2152.46;487.8957;17352.2252;bear_s1_SUB11_c1_x7_m0.2.json
x7m20;bear;1;SUB2;7.0;0.2;;1.0;2023-10-01;2026-10-01;-55.43;209.3615;45.6973;-41.7002;0.9884;650.0;27.5385;7675.1845;-8.2708;30936.1494;bear_s1_SUB2_c1_x7_m0.2.json
x7m20;bear;1;SUB5;7.0;0.2;;1.0;2023-10-01;2026-10-01;-55.43;-6.0642;-2.0632;-6.872;-0.9027;21.0;71.4286;8.189;5.5206;9393.5777;bear_s1_SUB5_c1_x7_m0.2.json
x7m20;bear;1;SUB6;7.0;0.2;;1.0;2023-10-01;2026-10-01;-55.43;3.3309;1.0979;-3.2719;0.72;308.0;50.3247;1484.3846;-976.5126;10333.0868;bear_s1_SUB6_c1_x7_m0.2.json
x7m20;bear;1;SUB9;7.0;0.2;;1.0;2023-10-01;2026-10-01;-55.43;3.8908;1.2802;-14.2694;0.1617;273.0;26.3736;668.781;151.1347;10389.08;bear_s1_SUB9_c1_x7_m0.2.json
x7m20;bear;2;SUB10;7.0;0.2;;1.0;2023-10-01;2026-10-01;-86.99;1.7797;0.5896;-4.7194;0.2248;138.0;52.8986;211.6512;-12.158;10177.9705;bear_s2_SUB10_c1_x7_m0.2.json
x7m20;bear;2;SUB11;7.0;0.2;;1.0;2023-10-01;2026-10-01;-86.99;12.6221;4.0409;-39.1315;0.2814;594.0;30.6397;1360.1242;170.0683;11262.2131;bear_s2_SUB11_c1_x7_m0.2.json
x7m20;bear;2;SUB2;7.0;0.2;;1.0;2023-10-01;2026-10-01;-86.99;-38.7145;-15.0555;-43.4377;-0.7668;117.0;18.8034;504.161;358.192;6128.5479;bear_s2_SUB2_c1_x7_m0.2.json
x7m20;bear;2;SUB5;7.0;0.2;;1.0;2023-10-01;2026-10-01;-86.99;-4.0907;-1.3823;-7.4931;-0.2762;31.0;70.9677;43.5008;10.296;9590.9328;bear_s2_SUB5_c1_x7_m0.2.json
x7m20;bear;2;SUB6;7.0;0.2;;1.0;2023-10-01;2026-10-01;-86.99;4.1625;1.3684;-1.9039;1.2948;149.0;43.6242;525.0603;-522.6603;10416.2502;bear_s2_SUB6_c1_x7_m0.2.json
x7m20;bear;2;SUB9;7.0;0.2;;1.0;2023-10-01;2026-10-01;-86.99;-26.0093;-9.5513;-28.076;-0.8949;246.0;15.4472;669.1068;217.1137;7399.071;bear_s2_SUB9_c1_x7_m0.2.json
x7m20;ciclo;0;SUB10;7.0;0.2;;1.0;2023-10-01;2026-10-01;-86.75;-2.7639;-0.9297;-9.482;-0.2721;160.0;48.75;244.9205;-20.9379;9723.6067;ciclo_s0_SUB10_c1_x7_m0.2.json
x7m20;ciclo;0;SUB11;7.0;0.2;;1.0;2023-10-01;2026-10-01;-86.75;29.0105;8.8596;-24.7613;0.4902;594.0;33.3333;1582.9986;687.6349;12901.0544;ciclo_s0_SUB11_c1_x7_m0.2.json
x7m20;ciclo;0;SUB2;7.0;0.2;;1.0;2023-10-01;2026-10-01;-86.75;718.4459;101.4933;-40.6112;1.8028;680.0;34.4118;16931.0908;12201.658;81844.5885;ciclo_s0_SUB2_c1_x7_m0.2.json
x7m20;ciclo;0;SUB5;7.0;0.2;;1.0;2023-10-01;2026-10-01;-86.75;3.0994;1.0224;-5.9328;0.26;49.0;81.6327;34.5395;22.2196;10309.9365;ciclo_s0_SUB5_c1_x7_m0.2.json
x7m20;ciclo;0;SUB6;7.0;0.2;;1.0;2023-10-01;2026-10-01;-86.75;4.8967;1.6059;-3.5582;2.0638;144.0;43.0556;553.7116;-874.4129;10489.6681;ciclo_s0_SUB6_c1_x7_m0.2.json
x7m20;ciclo;0;SUB9;7.0;0.2;;1.0;2023-10-01;2026-10-01;-86.75;16.0933;5.0987;-24.1414;0.3574;201.0;41.2935;748.2222;1829.5307;11609.3267;ciclo_s0_SUB9_c1_x7_m0.2.json
x7m20;ciclo;1;SUB10;7.0;0.2;;1.0;2023-10-01;2026-10-01;88.94;-0.2816;-0.0939;-2.743;-0.0198;136.0;50.7353;204.941;-19.6877;9971.838;ciclo_s1_SUB10_c1_x7_m0.2.json
x7m20;ciclo;1;SUB11;7.0;0.2;;1.0;2023-10-01;2026-10-01;88.94;-40.5919;-15.9317;-44.6991;-0.6453;606.0;28.0528;1077.8792;469.309;5940.8115;ciclo_s1_SUB11_c1_x7_m0.2.json
x7m20;ciclo;1;SUB2;7.0;0.2;;1.0;2023-10-01;2026-10-01;88.94;1168.1076;133.1497;-42.0147;1.7584;1064.0;29.9812;34039.0542;4857.8183;126810.7648;ciclo_s1_SUB2_c1_x7_m0.2.json
x7m20;ciclo;1;SUB5;7.0;0.2;;1.0;2023-10-01;2026-10-01;88.94;-2.4953;-0.8386;-6.5156;-0.2289;60.0;78.3333;36.9891;21.3521;9750.4713;ciclo_s1_SUB5_c1_x7_m0.2.json
x7m20;ciclo;1;SUB6;7.0;0.2;;1.0;2023-10-01;2026-10-01;88.94;0.999;0.3318;-2.6907;0.5741;117.0;43.5897;472.987;-480.7909;10099.902;ciclo_s1_SUB6_c1_x7_m0.2.json
x7m20;ciclo;1;SUB9;7.0;0.2;;1.0;2023-10-01;2026-10-01;88.94;44.4214;13.0312;-26.0047;0.7015;291.0;36.0825;1606.9811;2416.2173;14442.1405;ciclo_s1_SUB9_c1_x7_m0.2.json
x7m20;ciclo;2;SUB10;7.0;0.2;;1.0;2023-10-01;2026-10-01;-62.48;2.255;0.7459;-4.9048;0.2596;132.0;56.0606;199.1352;-18.9569;10225.4971;ciclo_s2_SUB10_c1_x7_m0.2.json
x7m20;ciclo;2;SUB11;7.0;0.2;;1.0;2023-10-01;2026-10-01;-62.48;-13.9056;-4.8673;-40.741;-0.0722;565.0;28.3186;1401.3752;295.9553;8609.4381;ciclo_s2_SUB11_c1_x7_m0.2.json
x7m20;ciclo;2;SUB2;7.0;0.2;;1.0;2023-10-01;2026-10-01;-62.48;2737.7076;204.9384;-40.5567;1.9019;1716.0;29.3124;69665.2986;16832.565;283770.7607;ciclo_s2_SUB2_c1_x7_m0.2.json
x7m20;ciclo;2;SUB5;7.0;0.2;;1.0;2023-10-01;2026-10-01;-62.48;2.3925;0.791;-5.4782;0.2357;61.0;83.6066;60.7723;18.6153;10239.2494;ciclo_s2_SUB5_c1_x7_m0.2.json
x7m20;ciclo;2;SUB6;7.0;0.2;;1.0;2023-10-01;2026-10-01;-62.48;0.6286;0.2091;-2.945;0.3089;91.0;42.8571;408.4156;-321.8905;10062.865;ciclo_s2_SUB6_c1_x7_m0.2.json
x7m20;ciclo;2;SUB9;7.0;0.2;;1.0;2023-10-01;2026-10-01;-62.48;4.6182;1.5159;-27.4816;0.1747;150.0;39.3333;584.9942;1553.776;10461.8165;ciclo_s2_SUB9_c1_x7_m0.2.json
x7m20;lateral;0;SUB10;7.0;0.2;;1.0;2023-10-01;2026-10-01;-77.15;0.3725;0.124;-5.087;0.0547;172.0;51.7442;263.1245;-23.7141;10037.2537;lateral_s0_SUB10_c1_x7_m0.2.json
x7m20;lateral;0;SUB11;7.0;0.2;;1.0;2023-10-01;2026-10-01;-77.15;22.1041;6.8817;-20.3423;0.4105;570.0;33.3333;1606.7166;362.8126;12210.4109;lateral_s0_SUB11_c1_x7_m0.2.json
x7m20;lateral;0;SUB2;7.0;0.2;;1.0;2023-10-01;2026-10-01;-77.15;81.2127;21.9111;-40.4835;0.7623;566.0;31.2721;5651.1051;1286.8015;18121.2673;lateral_s0_SUB2_c1_x7_m0.2.json
x7m20;lateral;0;SUB5;7.0;0.2;;1.0;2023-10-01;2026-10-01;-77.15;0.1081;0.036;-5.7304;0.0273;26.0;73.0769;14.7709;-43.0964;10010.8124;lateral_s0_SUB5_c1_x7_m0.2.json
x7m20;lateral;0;SUB6;7.0;0.2;;1.0;2023-10-01;2026-10-01;-77.15;1.1081;0.3679;-2.6942;0.1637;243.0;53.4979;1006.3315;-323.8668;10110.8069;lateral_s0_SUB6_c1_x7_m0.2.json
x7m20;lateral;0;SUB9;7.0;0.2;;1.0;2023-10-01;2026-10-01;-77.15;-14.2612;-4.9984;-20.5299;-0.3633;130.0;24.6154;439.6015;411.0002;8573.8757;lateral_s0_SUB9_c1_x7_m0.2.json
x7m20;lateral;1;SUB10;7.0;0.2;;1.0;2023-10-01;2026-10-01;110.69;2.5126;0.8304;-5.4841;0.308;134.0;57.4627;203.477;-15.5181;10251.2563;lateral_s1_SUB10_c1_x7_m0.2.json
x7m20;lateral;1;SUB11;7.0;0.2;;1.0;2023-10-01;2026-10-01;110.69;-22.7975;-8.2613;-36.6118;-0.2085;657.0;28.4627;1509.2987;416.4389;7720.2539;lateral_s1_SUB11_c1_x7_m0.2.json
x7m20;lateral;1;SUB2;7.0;0.2;;1.0;2023-10-01;2026-10-01;110.69;1070.9449;127.0375;-41.7648;1.6915;1264.0;28.5601;39697.4841;7294.6903;117094.4851;lateral_s1_SUB2_c1_x7_m0.2.json
x7m20;lateral;1;SUB5;7.0;0.2;;1.0;2023-10-01;2026-10-01;110.69;-3.4385;-1.1593;-3.5127;-1.3087;2.0;0.0;2.1793;-8.2338;9656.1457;lateral_s1_SUB5_c1_x7_m0.2.json
x7m20;lateral;1;SUB6;7.0;0.2;;1.0;2023-10-01;2026-10-01;110.69;-4.0345;-1.363;-4.0482;-1.6255;173.0;50.289;700.5922;-244.3369;9596.5494;lateral_s1_SUB6_c1_x7_m0.2.json
x7m20;lateral;1;SUB9;7.0;0.2;;1.0;2023-10-01;2026-10-01;110.69;19.2257;6.0354;-28.912;0.3991;238.0;27.7311;1187.058;899.9319;11922.5721;lateral_s1_SUB9_c1_x7_m0.2.json
x7m20;lateral;2;SUB10;7.0;0.2;;1.0;2023-10-01;2026-10-01;-53.43;-3.0012;-1.0103;-7.1427;-0.3737;118.0;53.3898;174.4039;-11.1852;9699.8847;lateral_s2_SUB10_c1_x7_m0.2.json
x7m20;lateral;2;SUB11;7.0;0.2;;1.0;2023-10-01;2026-10-01;-53.43;-16.7344;-5.9206;-43.4556;-0.1492;560.0;27.3214;1337.6336;191.937;8326.5571;lateral_s2_SUB11_c1_x7_m0.2.json
x7m20;lateral;2;SUB2;7.0;0.2;;1.0;2023-10-01;2026-10-01;-53.43;-28.6546;-10.642;-43.0098;-0.5523;178.0;21.3483;952.0817;177.8635;7134.5449;lateral_s2_SUB2_c1_x7_m0.2.json
x7m20;lateral;2;SUB5;7.0;0.2;;1.0;2023-10-01;2026-10-01;-53.43;-4.9875;-1.6906;-5.2566;-0.8987;4.0;25.0;6.6565;-12.3775;9501.2474;lateral_s2_SUB5_c1_x7_m0.2.json
x7m20;lateral;2;SUB6;7.0;0.2;;1.0;2023-10-01;2026-10-01;-53.43;-5.0075;-1.6974;-5.0173;-1.559;227.0;52.4229;859.1529;-275.7274;9499.2506;lateral_s2_SUB6_c1_x7_m0.2.json
x7m20;lateral;2;SUB9;7.0;0.2;;1.0;2023-10-01;2026-10-01;-53.43;-8.3637;-2.8688;-18.3167;-0.184;147.0;23.1293;607.5001;466.5502;9163.6324;lateral_s2_SUB9_c1_x7_m0.2.json
sub5;bear;0;SUB5;10.0;0.2;sí;1.0;2023-10-01;2026-10-01;-95.06;30.4379;9.2595;-41.7851;0.457;234.0;82.4786;492.61;60.0184;13043.7853;bear_s0_SUB5_c1_x10_m0.2_r.json
sub5;bear;0;SUB5;2.0;0.2;sí;1.0;2023-10-01;2026-10-01;-95.06;-5.7455;-1.9526;-18.3506;-0.2164;273.0;80.2198;155.3757;39.795;9425.4518;bear_s0_SUB5_c1_x2_m0.2_r.json
sub5;bear;0;SUB5;3.0;0.2;sí;1.0;2023-10-01;2026-10-01;-95.06;-12.1201;-4.2143;-26.6904;-0.4095;231.0;79.2208;171.6475;33.5151;8787.9904;bear_s0_SUB5_c1_x3_m0.2_r.json
sub5;bear;0;SUB5;5.0;0.2;sí;1.0;2023-10-01;2026-10-01;-95.06;-2.7237;-0.9161;-31.7969;0.0067;246.0;81.3008;260.6927;24.9455;9727.6269;bear_s0_SUB5_c1_x5_m0.2_r.json
sub5;bear;0;SUB5;7.0;0.2;sí;1.0;2023-10-01;2026-10-01;-95.06;21.6986;6.7633;-28.6818;0.4416;239.0;82.8452;359.9436;42.946;12169.8569;bear_s0_SUB5_c1_x7_m0.2_r.json
sub5;bear;1;SUB5;10.0;0.2;sí;1.0;2023-10-01;2026-10-01;-55.43;7.4204;2.4141;-28.7585;0.2182;175.0;79.4286;291.9963;59.7839;10742.0392;bear_s1_SUB5_c1_x10_m0.2_r.json
sub5;bear;1;SUB5;2.0;0.2;sí;1.0;2023-10-01;2026-10-01;-55.43;-4.1647;-1.4076;-16.3911;-0.1611;208.0;78.8462;126.8471;31.808;9583.5303;bear_s1_SUB5_c1_x2_m0.2_r.json
sub5;bear;1;SUB5;3.0;0.2;sí;1.0;2023-10-01;2026-10-01;-55.43;0.9445;0.3138;-12.9196;0.0797;184.0;79.8913;139.8046;31.9371;10094.4458;bear_s1_SUB5_c1_x3_m0.2_r.json
sub5;bear;1;SUB5;5.0;0.2;sí;1.0;2023-10-01;2026-10-01;-55.43;-1.8255;-0.6121;-22.751;0.016;188.0;79.2553;206.8588;40.6713;9817.4527;bear_s1_SUB5_c1_x5_m0.2_r.json
sub5;bear;1;SUB5;7.0;0.2;sí;1.0;2023-10-01;2026-10-01;-55.43;1.9055;0.631;-28.7769;0.1198;176.0;78.4091;242.0652;48.2037;10190.5537;bear_s1_SUB5_c1_x7_m0.2_r.json
sub5;bear;2;SUB5;10.0;0.2;sí;1.0;2023-10-01;2026-10-01;-86.99;-16.6787;-5.8996;-39.8428;-0.1051;226.0;81.8584;362.0887;70.1207;8332.1347;bear_s2_SUB5_c1_x10_m0.2_r.json
sub5;bear;2;SUB5;2.0;0.2;sí;1.0;2023-10-01;2026-10-01;-86.99;8.0479;2.6131;-16.0538;0.366;253.0;83.7945;135.6581;57.375;10804.7903;bear_s2_SUB5_c1_x2_m0.2_r.json
sub5;bear;2;SUB5;3.0;0.2;sí;1.0;2023-10-01;2026-10-01;-86.99;4.7433;1.5564;-21.5549;0.2011;262.0;83.2061;189.4136;57.3807;10474.3301;bear_s2_SUB5_c1_x3_m0.2_r.json
sub5;bear;2;SUB5;5.0;0.2;sí;1.0;2023-10-01;2026-10-01;-86.99;-3.2336;-1.0894;-24.0754;-0.0005;245.0;82.8571;251.9348;54.1048;9676.6443;bear_s2_SUB5_c1_x5_m0.2_r.json
sub5;bear;2;SUB5;7.0;0.2;sí;1.0;2023-10-01;2026-10-01;-86.99;-20.0315;-7.1788;-34.6698;-0.3145;229.0;81.6594;259.4997;55.9886;7996.8546;bear_s2_SUB5_c1_x7_m0.2_r.json
sub5;ciclo;0;SUB5;10.0;0.2;sí;1.0;2023-10-01;2026-10-01;-86.75;-7.4237;-2.5379;-38.3084;-0.0685;93.0;81.7204;248.0674;73.3141;9257.6268;ciclo_s0_SUB5_c1_x10_m0.2_r.json
sub5;ciclo;0;SUB5;2.0;0.2;sí;1.0;2023-10-01;2026-10-01;-86.75;-5.6887;-1.9329;-15.9251;-0.2999;111.0;72.973;104.347;25.7601;9431.1309;ciclo_s0_SUB5_c1_x2_m0.2_r.json
sub5;ciclo;0;SUB5;3.0;0.2;sí;1.0;2023-10-01;2026-10-01;-86.75;-8.9022;-3.0594;-22.3936;-0.4138;106.0;75.4717;119.3147;24.3977;9109.7768;ciclo_s0_SUB5_c1_x3_m0.2_r.json
sub5;ciclo;0;SUB5;5.0;0.2;sí;1.0;2023-10-01;2026-10-01;-86.75;-14.6846;-5.155;-30.9884;-0.4906;86.0;74.4186;159.0155;32.7806;8531.5392;ciclo_s0_SUB5_c1_x5_m0.2_r.json
sub5;ciclo;0;SUB5;7.0;0.2;sí;1.0;2023-10-01;2026-10-01;-86.75;-20.8668;-7.5031;-37.8518;-0.5743;83.0;74.6988;220.6282;50.594;7913.3226;ciclo_s0_SUB5_c1_x7_m0.2_r.json
sub5;ciclo;1;SUB5;10.0;0.2;sí;1.0;2023-10-01;2026-10-01;88.94;-19.2983;-6.8961;-29.4974;-0.3527;82.0;80.4878;145.4897;25.1217;8070.1746;ciclo_s1_SUB5_c1_x10_m0.2_r.json
sub5;ciclo;1;SUB5;2.0;0.2;sí;1.0;2023-10-01;2026-10-01;88.94;1.8728;0.6203;-5.0776;0.1632;105.0;81.9048;56.9045;19.2584;10187.2782;ciclo_s1_SUB5_c1_x2_m0.2_r.json
sub5;ciclo;1;SUB5;3.0;0.2;sí;1.0;2023-10-01;2026-10-01;88.94;-0.8874;-0.2966;-7.5117;-0.0212;95.0;81.0526;71.8548;20.6526;9911.2579;ciclo_s1_SUB5_c1_x3_m0.2_r.json
sub5;ciclo;1;SUB5;5.0;0.2;sí;1.0;2023-10-01;2026-10-01;88.94;-2.3966;-0.8052;-12.5644;-0.0448;87.0;81.6092;80.6189;29.0268;9760.3385;ciclo_s1_SUB5_c1_x5_m0.2_r.json
sub5;ciclo;1;SUB5;7.0;0.2;sí;1.0;2023-10-01;2026-10-01;88.94;-15.4862;-5.4529;-20.9335;-0.4355;87.0;80.4598;100.3255;22.7106;8451.3762;ciclo_s1_SUB5_c1_x7_m0.2_r.json
sub5;ciclo;2;SUB5;10.0;0.2;sí;1.0;2023-10-01;2026-10-01;-62.48;20.5842;6.4365;-35.8602;0.4417;97.0;86.5979;150.0454;29.4973;12058.4209;ciclo_s2_SUB5_c1_x10_m0.2_r.json
sub5;ciclo;2;SUB5;2.0;0.2;sí;1.0;2023-10-01;2026-10-01;-62.48;11.1473;3.5848;-9.2599;0.7323;135.0;86.6667;69.6612;20.2619;11114.7339;ciclo_s2_SUB5_c1_x2_m0.2_r.json
sub5;ciclo;2;SUB5;3.0;0.2;sí;1.0;2023-10-01;2026-10-01;-62.48;11.1945;3.5995;-10.9396;0.5468;127.0;85.8268;93.4192;20.8067;11119.4538;ciclo_s2_SUB5_c1_x3_m0.2_r.json
sub5;ciclo;2;SUB5;5.0;0.2;sí;1.0;2023-10-01;2026-10-01;-62.48;15.0469;4.7821;-17.2833;0.4988;129.0;86.8217;138.8766;18.4794;11504.6864;ciclo_s2_SUB5_c1_x5_m0.2_r.json
sub5;ciclo;2;SUB5;7.0;0.2;sí;1.0;2023-10-01;2026-10-01;-62.48;19.0894;5.995;-31.3602;0.5093;101.0;87.1287;123.923;32.361;11908.9391;ciclo_s2_SUB5_c1_x7_m0.2_r.json
sub5;lateral;0;SUB5;10.0;0.2;sí;1.0;2023-10-01;2026-10-01;-77.15;-1.1161;-0.3733;-7.5318;-0.0516;26.0;73.0769;21.247;-71.3738;9888.3941;lateral_s0_SUB5_c1_x10_m0.2_r.json
sub5;lateral;0;SUB5;2.0;0.2;sí;1.0;2023-10-01;2026-10-01;-77.15;0.1081;0.036;-5.7304;0.0273;26.0;73.0769;14.7709;-43.0964;10010.8124;lateral_s0_SUB5_c1_x2_m0.2_r.json
sub5;lateral;0;SUB5;3.0;0.2;sí;1.0;2023-10-01;2026-10-01;-77.15;-0.0449;-0.015;-5.7304;0.0123;26.0;73.0769;15.5805;-46.6312;9995.5138;lateral_s0_SUB5_c1_x3_m0.2_r.json
sub5;lateral;0;SUB5;5.0;0.2;sí;1.0;2023-10-01;2026-10-01;-77.15;-0.351;-0.1171;-5.7304;-0.0134;26.0;73.0769;17.1996;-53.7015;9964.8952;lateral_s0_SUB5_c1_x5_m0.2_r.json
sub5;lateral;0;SUB5;7.0;0.2;sí;1.0;2023-10-01;2026-10-01;-77.15;-0.657;-0.2194;-5.7304;-0.0327;26.0;73.0769;18.8187;-60.7704;9934.3002;lateral_s0_SUB5_c1_x7_m0.2_r.json
sub5;lateral;1;SUB5;10.0;0.2;sí;1.0;2023-10-01;2026-10-01;110.69;-9.3377;-3.2141;-9.4938;-1.3142;2.0;0.0;6.3902;-21.499;9066.2302;lateral_s1_SUB5_c1_x10_m0.2_r.json
sub5;lateral;1;SUB5;2.0;0.2;sí;1.0;2023-10-01;2026-10-01;110.69;-3.4385;-1.1593;-3.5127;-1.3087;2.0;0.0;2.1793;-8.2338;9656.1457;lateral_s1_SUB5_c1_x2_m0.2_r.json
sub5;lateral;1;SUB5;3.0;0.2;sí;1.0;2023-10-01;2026-10-01;110.69;-4.1759;-1.4115;-4.2255;-1.3249;2.0;0.0;2.7056;-9.8919;9582.4111;lateral_s1_SUB5_c1_x3_m0.2_r.json
sub5;lateral;1;SUB5;5.0;0.2;sí;1.0;2023-10-01;2026-10-01;110.69;-5.6507;-1.9198;-5.732;-1.3295;2.0;0.0;3.7583;-13.2081;9434.9322;lateral_s1_SUB5_c1_x5_m0.2_r.json
sub5;lateral;1;SUB5;7.0;0.2;sí;1.0;2023-10-01;2026-10-01;110.69;-7.1255;-2.4334;-7.2375;-1.3241;2.0;0.0;4.811;-16.5244;9287.4533;lateral_s1_SUB5_c1_x7_m0.2_r.json
sub5;lateral;2;SUB5;10.0;0.2;sí;1.0;2023-10-01;2026-10-01;-53.43;-4.9875;-1.6906;-5.2566;-0.8987;4.0;25.0;6.6565;-12.3775;9501.2474;lateral_s2_SUB5_c1_x10_m0.2_r.json
sub5;lateral;2;SUB5;2.0;0.2;sí;1.0;2023-10-01;2026-10-01;-53.43;-4.9875;-1.6906;-5.2566;-0.8987;4.0;25.0;6.6565;-12.3775;9501.2474;lateral_s2_SUB5_c1_x2_m0.2_r.json
sub5;lateral;2;SUB5;3.0;0.2;sí;1.0;2023-10-01;2026-10-01;-53.43;-4.9875;-1.6906;-5.2566;-0.8987;4.0;25.0;6.6565;-12.3775;9501.2474;lateral_s2_SUB5_c1_x3_m0.2_r.json
sub5;lateral;2;SUB5;5.0;0.2;sí;1.0;2023-10-01;2026-10-01;-53.43;-4.9875;-1.6906;-5.2566;-0.8987;4.0;25.0;6.6565;-12.3775;9501.2474;lateral_s2_SUB5_c1_x5_m0.2_r.json
sub5;lateral;2;SUB5;7.0;0.2;sí;1.0;2023-10-01;2026-10-01;-53.43;-4.9875;-1.6906;-5.2566;-0.8987;4.0;25.0;6.6565;-12.3775;9501.2474;lateral_s2_SUB5_c1_x7_m0.2_r.json
